product_code,product_name,category,description,specification,price_ngn,stock_quantity,image_file,owner_verified,publish_status,verification_notes
INT-001,All-weather floor mat set,Interior,"Easy-clean non-slip mats for front and rear footwells","Universal fit; 4-piece set",18500,,,false,draft,"Generated during interface design; confirm that FIAA sells this exact item, specification and price"
INT-002,Back-seat organizer,Interior,"Multi-pocket vehicle organizer","Universal fit",9500,,,false,draft,"Generated during interface design; confirm product and price"
INT-003,Steering wheel cover,Interior,"Textured heat-resistant steering cover","Fits 37–39 cm wheels",7500,,,false,draft,"Generated during interface design; confirm product, size and price"
ELE-001,Dual-port fast car charger,Electronics,"Two-port vehicle charger","USB-C and USB-A; 38W",12000,,,false,draft,"Generated during interface design; confirm product specification and price"
ELE-002,Full HD dashboard camera,Electronics,"Dashboard journey camera","1080p; loop recording",48500,,,false,draft,"Generated during interface design; confirm brand, included accessories, warranty and price"
ELE-003,Bluetooth FM transmitter,Electronics,"Wireless audio and hands-free calling","Bluetooth 5.0; dual USB",14500,,,false,draft,"Generated during interface design; confirm product specification and price"
SAF-001,Compact fire extinguisher,Safety,"Vehicle fire extinguisher","1 kg dry powder; bracket included",16500,,,false,draft,"Generated during interface design; confirm certification, size and price"
SAF-002,Roadside emergency kit,Safety,"Roadside visibility and first-response kit","Triangle; vest; first aid",28500,,,false,draft,"Generated during interface design; confirm exact contents and price"
SAF-003,Portable tyre inflator,Safety,"Portable vehicle tyre inflator","Digital gauge; 12V",32000,,,false,draft,"Generated during interface design; confirm brand, pressure rating, warranty and price"
CAR-001,Dashboard care kit,Car care,"Interior trim care kit","Cleaner; cloth; applicator",8500,,,false,draft,"Generated during interface design; confirm exact contents and price"
CAR-002,Microfibre wash pack,Car care,"Bodywork wash and detailing pack","6-piece set",11000,,,false,draft,"Generated during interface design; confirm exact contents and price"
CAR-003,Tyre shine spray,Car care,"Tyre sidewall finish","500 ml; applicator included",6500,,,false,draft,"Generated during interface design; confirm brand, volume and price"
EXT-001,Premium car body cover,Exterior,"Dust, sun and light-rain vehicle cover","Water-resistant; multiple sizes",26500,,,false,draft,"Generated during interface design; confirm sizes, material and price"
EXT-002,Universal wiper blade pair,Exterior,"Replacement wiper blades","Size selection required",13500,,,false,draft,"Generated during interface design; confirm sizes, compatibility and price"
EXT-003,Door-edge protection strips,Exterior,"Door-edge chip protection","4-piece set; clear finish",5500,,,false,draft,"Generated during interface design; confirm product and price"
TOL-001,Hydraulic bottle jack,Tools,"Compact vehicle jack","2-tonne rated capacity",29500,,,false,draft,"Generated during interface design; confirm certification, capacity and price"
TOL-002,Digital tyre-pressure gauge,Tools,"Digital pressure checker","Backlit screen; PSI/bar",9000,,,false,draft,"Generated during interface design; confirm measurement range and price"
TOL-003,46-piece vehicle tool kit,Tools,"Socket and hand-tool kit","46 pieces; sockets, ratchet and bits",38500,,,false,draft,"Generated during interface design; confirm exact contents, brand and price"
