source_page,source_file,product_number,oem_references,dimensions_mm,vehicle_make,vehicle_models,position,price_ngn,stock_quantity,transcription_status,publish_status,verification_notes
27,IMG_4473.HEIC,D1258-8377,"LCY2-33-23ZA | LCY2-33-23ZB | LCY2-33-28Z | LCY2-33-28ZA | LDY5-33-28Z | LDY7-33-28Z","139.2 x 58 x 17",Mazda,"CX-5 | CX-7 | CX-8 | CX-9 | Mazda 8 MPV | MPV",,,,needs_owner_approval,draft,"Legible source row; year, engine and axle position absent"
27,IMG_4473.HEIC,D1259,"EHY4-26-43Z | EHY4-26-48Z | L2Y6-26-43Z | L2Y6-26-48Z","110.7 x 46.4 x 16.5",Mazda,"CX-7 | CX-9 | Mazda 8 MPV | MPV",,,,needs_owner_approval,draft,"Legible source row; year, engine and axle position absent"
27,IMG_4473.HEIC,D1759-8987,BJY7-33-28ZA,"130.8 x 60.1 x 15.4",Mazda,"Mazda 3",,,,needs_owner_approval,draft,"Legible source row; year, engine and axle position absent"
27,IMG_4473.HEIC,D2042-9271,"BAY0-26-48ZA | D2Y1-26-43Z | D2Y1-26-43ZA","104 x 43.5 x 14.7",Mazda,"CX-3 | Mazda 3",,,,needs_owner_approval,draft,"Legible source row; year, engine and axle position absent"
27,IMG_4473.HEIC,D1009-7913,"F1Y1-33-23ZB | F1Y1-33-28ZA | F1Y4-33-23Z","138 x 62 x 16",Mazda,"RX-8",,,,needs_owner_approval,draft,"Legible source row; year, engine and axle position absent"
27,IMG_4473.HEIC,D1179-8295,"NFY7-33-23ZB | NFY7-33-23ZC | NFY7-33-28Z","123 x 58.3 x 14.5",Mazda,"Miata (USA) | MX-5 | Roadster",,,,needs_owner_approval,draft,"Legible source row; year, engine and axle position absent"
27,IMG_4473.HEIC,D1180-8296,"N1Y3-26-43ZA | N2Y3-26-48Z | N2Y3-26-48ZA","99.2 x 45 x 13.8",Mazda,"Miata (USA) | MX-5 | Roadster",,,,needs_owner_approval,draft,"Legible source row; year, engine and axle position absent"
27,IMG_4473.HEIC,D1903-9130,"N2Y3-33-28ZC | N2Y3-33-28ZD | NAYJ-33-28Z | NAYJ-33-28ZA","122.1 x 53.6 x 14.5",Mazda,"Miata (USA) | MX-5 | Roadster",,,,needs_owner_approval,draft,"Product number partly near photo edge; owner must confirm"
91,IMG_4474.HEIC,UNREADABLE-P91-R1,"04491-97201 | 04491-97201-000 | 04491-97205 | 04491-97205-000 | 04491-97401 | 04491-97401-000","95 x 49.5 x 14 | 115.4 x 49.5 x 14",Daihatsu,"Ayla | Max | Mira | Mira Gino | Move | Naked",,,,manual_transcription_required,draft,"Product number cropped in source photo"
91,IMG_4474.HEIC,UNREADABLE-P91-R2,"34212284389 | 34212284390 | 34212284466 | 34216775346","116.1 x 65.6 x 16.7 | 116.1 x 72.5 x 16.7",BMW,"5 (F10) | 5 Touring (F11) | Convertible (F12) | Coupe (F13) | Gran Coupe (F06)",,,,manual_transcription_required,draft,"Product number cropped; source includes partial year ranges that require verification"
91,IMG_4474.HEIC,UNREADABLE-P91-R3,"34 11 6 789 157 | PN0606","120.8 x 75.5 x 14.8",Mini,"Cooper | Cooper S | John Cooper Works",,,,manual_transcription_required,draft,"Product number cropped; repeated JCW lines require model/year cleanup"
91,IMG_4474.HEIC,UNREADABLE-P91-R4,"34 20 6 799 813 | 34 21 6 850 570 | 34 21 8 855 007","123.1 x 57.3 x 17.3 | 123.8 x 59.2 x 17.3",BMW,"320d | 330d | 330d xDrive | 335d xDrive | 335i",,,,manual_transcription_required,draft,"Product number cropped; vehicle years absent"
91,IMG_4474.HEIC,UNREADABLE-P91-R5,"34106859067 | 34106866072 | 34106872334 | 34106878878 | 34116850850","112.3 x 91.7 x 18.2",BMW,"1 (F20/F21) | Convertible (F23) | Coupe (F22/F87) | 3 (F30/F80) | Gran Turismo (F34)",,,,manual_transcription_required,draft,"Product number cropped; photographed year notation requires owner review"
91,IMG_4474.HEIC,UNREADABLE-P91-R6,"34 20 7 883 269 | 34 20 8 092 823 | 34 21 6 876 905 | 34 21 6 885 187 | 34 21 6 885 362","116.1 x 74.8 x 18 | 116.1 x 80.45 x 18",BMW,"840i | M850i xDrive | M5 | M8 | X5 xDrive 30d",,,,manual_transcription_required,draft,"Product number cropped; full row continues beyond supplied photo"
100,IMG_4475.HEIC,D1914-9105,"84757793 | 84769879 | 85132090","114.6 x 48.1 x 17.5",GM,"Cadillac CT6 | Cadillac XT5 | Cadillac XT6 | Chevrolet Blazer",,,,needs_owner_approval,draft,"Legible source row; year, engine and axle position absent"
100,IMG_4475.HEIC,D1896-9124,"45022-SZA-A00 | 45022-SZA-A10 | 45022-TY3-A01 | 45022-TY3-A02 | 45022-TY3-A03","169.9 x 58.7 x 15.9","Acura / GM","Acura MDX | Acura RLX | Acura ZDX | Cadillac XT5 | Cadillac XT6",,,,needs_owner_approval,draft,"Legible source row; year, engine and axle position absent"
100,IMG_4475.HEIC,D1659-8886,"23316762 | 84252357","114.8 x 44.9 x 16.4",GM,"Cadillac ATS | Cadillac CTS",,,,needs_owner_approval,draft,"Legible source row; year, engine and axle position absent"
100,IMG_4475.HEIC,D2251,84498292,"131.5 x 89 x 15",Cadillac,"CT6",Front,,,needs_owner_approval,draft,"Source explicitly states front; year and engine absent"
100,IMG_4475.HEIC,D2345-9592,"84775618 | 84803889","140.6 x 59.7 x 17.5",GM,"Buick Envista | Chevrolet Equinox | Chevrolet Malibu | Chevrolet Trax | GMC Terrain",,,,needs_owner_approval,draft,"Legible source row; year, engine and axle position absent"
100,IMG_4475.HEIC,D2371-9600,"85139417 | 85158190","178 x 62.2 x 16",GM,"Buick Enclave | Cadillac Lyriq | Cadillac XT5 | Cadillac XT6 | Chevrolet Blazer",,,,needs_owner_approval,draft,"Legible source row; year, engine and axle position absent"
100,IMG_4475.HEIC,D2274-9513,84701020,"152 x 95 x 15",Cadillac,"CT6-V",,,,needs_owner_approval,draft,"Legible source row; year, engine and axle position absent"
